code,term
O00,Ectopic pregnancy
O00.0,Abdominal pregnancy
O00.1,Tubal pregnancy
O00.2,Ovarian pregnancy
O00.8,Other ectopic pregnancy
O00.9,"Ectopic pregnancy, unspecified"
O01,Hydatidiform mole
O01.0,Classical hydatidiform mole
O01.1,Incomplete and partial hydatidiform mole
O01.9,"Hydatidiform mole, unspecified"
O02,Other abnormal products of conception
O02.0,Blighted ovum and nonhydatidiform mole
O02.1,Missed abortion
O02.8,Other specified abnormal products of conception
O02.9,"Abnormal product of conception, unspecified"
O03,Spontaneous abortion
O03.0,"Spontaneous abortion: Incomplete, complicated by genital tract and pelvic infection"
O03.1,"Spontaneous abortion: Incomplete, complicated by delayed or excessive haemorrhage"
O03.2,"Spontaneous abortion: Incomplete, complicated by embolism"
O03.3,"Spontaneous abortion: Incomplete, with other and unspecified complications"
O03.4,"Spontaneous abortion: Incomplete, without complication"
O03.5,"Spontaneous abortion: Complete or unspecified, complicated by genital tract and pelvic infection"
O03.6,"Spontaneous abortion: Complete or unspecified, complicated by delayed or excessive haemorrhage"
O03.7,"Spontaneous abortion: Complete or unspecified, complicated by embolism"
O03.8,"Spontaneous abortion: Complete or unspecified, with other and unspecified complications"
O03.9,"Spontaneous abortion: Complete or unspecified, without complication"
O04,Medical abortion
O04.0,"Medical abortion: Incomplete, complicated by genital tract and pelvic infection"
O04.1,"Medical abortion: Incomplete, complicated by delayed or excessive haemorrhage"
O04.2,"Medical abortion: Incomplete, complicated by embolism"
O04.3,"Medical abortion: Incomplete, with other and unspecified complications"
O04.4,"Medical abortion: Incomplete, without complication"
O04.5,"Medical abortion: Complete or unspecified, complicated by genital tract and pelvic infection"
O04.6,"Medical abortion: Complete or unspecified, complicated by delayed or excessive haemorrhage"
O04.7,"Medical abortion: Complete or unspecified, complicated by embolism"
O04.8,"Medical abortion: Complete or unspecified, with other and unspecified complications"
O04.9,"Medical abortion: Complete or unspecified, without complication"
O05,Other abortion
O05.0,"Other abortion: Incomplete, complicated by genital tract and pelvic infection"
O05.1,"Other abortion: Incomplete, complicated by delayed or excessive haemorrhage"
O05.2,"Other abortion: Incomplete, complicated by embolism"
O05.3,"Other abortion: Incomplete, with other and unspecified complications"
O05.4,"Other abortion: Incomplete, without complication"
O05.5,"Other abortion: Complete or unspecified, complicated by genital tract and pelvic infection"
O05.6,"Other abortion: Complete or unspecified, complicated by delayed or excessive haemorrhage"
O05.7,"Other abortion: Complete or unspecified, complicated by embolism"
O05.8,"Other abortion: Complete or unspecified, with other and unspecified complications"
O05.9,"Other abortion: Complete or unspecified, without complication"
O06,Unspecified abortion
O06.0,"Unspecified abortion: Incomplete, complicated by genital tract and pelvic infection"
O06.1,"Unspecified abortion: Incomplete, complicated by delayed or excessive haemorrhage"
O06.2,"Unspecified abortion: Incomplete, complicated by embolism"
O06.3,"Unspecified abortion: Incomplete, with other and unspecified complications"
O06.4,"Unspecified abortion: Incomplete, without complication"
O06.5,"Unspecified abortion: Complete or unspecified, complicated by genital tract and pelvic infection"
O06.6,"Unspecified abortion: Complete or unspecified, complicated by delayed or excessive haemorrhage"
O06.7,"Unspecified abortion: Complete or unspecified, complicated by embolism"
O06.8,"Unspecified abortion: Complete or unspecified, with other and unspecified complications"
O06.9,"Unspecified abortion: Complete or unspecified, without complication"
O07,Failed attempted abortion
O07.0,"Failed medical abortion, complicated by genital tract and pelvic infection"
O07.1,"Failed medical abortion, complicated by delayed or excessive haemorrhage"
O07.2,"Failed medical abortion, complicated by embolism"
O07.3,"Failed medical abortion, with other and unspecified complications"
O07.4,"Failed medical abortion, without complication"
O07.5,"Other and unspecified failed attempted abortion, complicated by genital tract and pelvic infection"
O07.6,"Other and unspecified failed attempted abortion, complicated by delayed or excessive haemorrhage"
O07.7,"Other and unspecified failed attempted abortion, complicated by embolism"
O07.8,"Other and unspecified failed attempted abortion, with other and unspecified complications"
O07.9,"Other and unspecified failed attempted abortion, without complication"
O08,Complications following abortion and ectopic and molar pregnancy
O08.0,Genital tract and pelvic infection following abortion and ectopic and molar pregnancy
O08.1,Delayed or excessive haemorrhage following abortion and ectopic and molar pregnancy
O08.2,Embolism following abortion and ectopic and molar pregnancy
O08.3,Shock following abortion and ectopic and molar pregnancy
O08.4,Renal failure following abortion and ectopic and molar pregnancy
O08.5,Metabolic disorders following abortion and ectopic and molar pregnancy
O08.6,Damage to pelvic organs and tissues following abortion and ectopic and molar pregnancy
O08.7,Other venous complications following abortion and ectopic and molar pregnancy
O08.8,Other complications following abortion and ectopic and molar pregnancy
O08.9,"Complication following abortion and ectopic and molar pregnancy, unspecified"
O10,"Pre-existing hypertension complicating pregnancy, childbirth and the puerperium"
O10.0,"Pre-existing essential hypertension complicating pregnancy, childbirth and the puerperium"
O10.1,"Pre-existing hypertensive heart disease complicating pregnancy, childbirth and the puerperium"
O10.2,"Pre-existing hypertensive renal disease complicating pregnancy, childbirth and the puerperium"
O10.3,"Pre-existing hypertensive heart and renal disease complicating pregnancy, childbirth and the puerperium"
O10.4,"Pre-existing secondary hypertension complicating pregnancy, childbirth and the puerperium"
O10.9,"Unspecified pre-existing hypertension complicating pregnancy, childbirth and the puerperium"
O11,Pre-eclampsia superimposed on chronic hypertension
O12,Gestational [pregnancy-induced] oedema and proteinuria without hypertension
O12.0,Gestational oedema
O12.1,Gestational proteinuria
O12.2,Gestational oedema with proteinuria
O13,Gestational [pregnancy-induced] hypertension
O14,Pre-eclampsia
O14.0,Mild to moderate pre-eclampsia
O14.1,Severe pre-eclampsia
O14.2,HELLP syndrome
O14.9,"Pre-eclampsia, unspecified"
O15,Eclampsia
O15.0,Eclampsia in pregnancy
O15.1,Eclampsia in labour
O15.2,Eclampsia in the puerperium
O15.9,"Eclampsia, unspecified as to time period"
O16,Unspecified maternal hypertension
O20,Haemorrhage in early pregnancy
O20.0,Threatened abortion
O20.8,Other haemorrhage in early pregnancy
O20.9,"Haemorrhage in early pregnancy, unspecified"
O21,Excessive vomiting in pregnancy
O21.0,Mild hyperemesis gravidarum
O21.1,Hyperemesis gravidarum with metabolic disturbance
O21.2,Late vomiting of pregnancy
O21.8,Other vomiting complicating pregnancy
O21.9,"Vomiting of pregnancy, unspecified"
O22,Venous complications and haemorrhoids in pregnancy
O22.0,Varicose veins of lower extremity in pregnancy
O22.1,Genital varices in pregnancy
O22.2,Superficial thrombophlebitis in pregnancy
O22.3,Deep phlebothrombosis in pregnancy
O22.4,Haemorrhoids in pregnancy
O22.5,Cerebral venous thrombosis in pregnancy
O22.8,Other venous complications in pregnancy
O22.9,"Venous complication in pregnancy, unspecified"
O23,Infections of genitourinary tract in pregnancy
O23.0,Infections of kidney in pregnancy
O23.1,Infections of bladder in pregnancy
O23.2,Infections of urethra in pregnancy
O23.3,Infections of other parts of urinary tract in pregnancy
O23.4,Unspecified infection of urinary tract in pregnancy
O23.5,Infections of the genital tract in pregnancy
O23.9,Other and unspecified genitourinary tract infection in pregnancy
O24,Diabetes mellitus in pregnancy
O24.0,"Diabetes mellitus in pregnancy: Pre-existing diabetes mellitus, insulin-dependent"
O24.1,"Diabetes mellitus in pregnancy: Pre-existing diabetes mellitus, non-insulin-dependent"
O24.2,Diabetes mellitus in pregnancy: Pre-existing malnutrition-related diabetes mellitus
O24.3,"Diabetes mellitus in pregnancy: Pre-existing diabetes mellitus, unspecified"
O24.4,Diabetes mellitus arising in pregnancy
O24.9,"Diabetes mellitus in pregnancy, unspecified"
O25,Malnutrition in pregnancy
O26,Maternal care for other conditions predominantly related to pregnancy
O26.0,Excessive weight gain in pregnancy
O26.1,Low weight gain in pregnancy
O26.2,Pregnancy care of habitual aborter
O26.3,Retained intrauterine contraceptive device in pregnancy
O26.4,Herpes gestationis
O26.5,Maternal hypotension syndrome
O26.6,"Liver disorders in pregnancy, childbirth and the puerperium"
O26.7,"Subluxation of symphysis (pubis) in pregnancy, childbirth and the puerperium"
O26.8,Other specified pregnancy-related conditions
O26.9,"Pregnancy-related condition, unspecified"
O28,Abnormal findings on antenatal screening of mother
O28.0,Abnormal haematological finding on antenatal screening of mother
O28.1,Abnormal biochemical finding on antenatal screening of mother
O28.2,Abnormal cytological finding on antenatal screening of mother
O28.3,Abnormal ultrasonic finding on antenatal screening of mother
O28.4,Abnormal radiological finding on antenatal screening of mother
O28.5,Abnormal chromosomal and genetic finding on antenatal screening of mother
O28.8,Other abnormal findings on antenatal screening of mother
O28.9,"Abnormal finding on antenatal screening of mother, unspecified"
O29,Complications of anaesthesia during pregnancy
O29.0,Pulmonary complications of anaesthesia during pregnancy
O29.1,Cardiac complications of anaesthesia during pregnancy
O29.2,Central nervous system complications of anaesthesia during pregnancy
O29.3,Toxic reaction to local anaesthesia during pregnancy
O29.4,Spinal and epidural anaesthesia-induced headache during pregnancy
O29.5,Other complications of spinal and epidural anaesthesia during pregnancy
O29.6,Failed or difficult intubation during pregnancy
O29.8,Other complications of anaesthesia during pregnancy
O29.9,"Complication of anaesthesia during pregnancy, unspecified"
O30,Multiple gestation
O30.0,Twin pregnancy
O30.1,Triplet pregnancy
O30.2,Quadruplet pregnancy
O30.8,Other multiple gestation
O30.9,"Multiple gestation, unspecified"
O31,Complications specific to multiple gestation
O31.0,Papyraceous fetus
O31.1,Continuing pregnancy after abortion of one fetus or more
O31.2,Continuing pregnancy after intrauterine death of one fetus or more
O31.8,Other complications specific to multiple gestation
O32,Maternal care for known or suspected malpresentation of fetus
O32.0,Maternal care for unstable lie
O32.1,Maternal care for breech presentation
O32.2,Maternal care for transverse and oblique lie
O32.3,"Maternal care for face, brow and chin presentation"
O32.4,Maternal care for high head at term
O32.5,Maternal care for multiple gestation with malpresentation of one fetus or more
O32.6,Maternal care for compound presentation
O32.8,Maternal care for other malpresentation of fetus
O32.9,"Maternal care for malpresentation of fetus, unspecified"
O33,Maternal care for known or suspected disproportion
O33.0,Maternal care for disproportion due to deformity of maternal pelvic bones
O33.1,Maternal care for disproportion due to generally contracted pelvis
O33.2,Maternal care for disproportion due to inlet contraction of pelvis
O33.3,Maternal care for disproportion due to outlet contraction of pelvis
O33.4,Maternal care for disproportion of mixed maternal and fetal origin
O33.5,Maternal care for disproportion due to unusually large fetus
O33.6,Maternal care for disproportion due to hydrocephalic fetus
O33.7,Maternal care for disproportion due to other fetal deformities
O33.8,Maternal care for disproportion of other origin
O33.9,"Maternal care for disproportion, unspecified"
O34,Maternal care for known or suspected abnormality of pelvic organs
O34.0,Maternal care for congenital malformation of uterus
O34.1,Maternal care for tumour of corpus uteri
O34.2,Maternal care due to uterine scar from previous surgery
O34.3,Maternal care for cervical incompetence
O34.4,Maternal care for other abnormalities of cervix
O34.5,Maternal care for other abnormalities of gravid uterus
O34.6,Maternal care for abnormality of vagina
O34.7,Maternal care for abnormality of vulva and perineum
O34.8,Maternal care for other abnormalities of pelvic organs
O34.9,"Maternal care for abnormality of pelvic organ, unspecified"
O35,Maternal care for known or suspected fetal abnormality and damage
O35.0,Maternal care for (suspected) central nervous system malformation in fetus
O35.1,Maternal care for (suspected) chromosomal abnormality in fetus
O35.2,Maternal care for (suspected) hereditary disease in fetus
O35.3,Maternal care for (suspected) damage to fetus from viral disease in mother
O35.4,Maternal care for (suspected) damage to fetus from alcohol
O35.5,Maternal care for (suspected) damage to fetus by drugs
O35.6,Maternal care for (suspected) damage to fetus by radiation
O35.7,Maternal care for (suspected) damage to fetus by other medical procedures
O35.8,Maternal care for other (suspected) fetal abnormality and damage
O35.9,"Maternal care for (suspected) fetal abnormality and damage, unspecified"
O36,Maternal care for other known or suspected fetal problems
O36.0,Maternal care for rhesus isoimmunization
O36.1,Maternal care for other isoimmunization
O36.2,Maternal care for hydrops fetalis
O36.3,Maternal care for signs of fetal hypoxia
O36.4,Maternal care for intrauterine death
O36.5,Maternal care for poor fetal growth
O36.6,Maternal care for excessive fetal growth
O36.7,Maternal care for viable fetus in abdominal pregnancy
O36.8,Maternal care for other specified fetal problems
O36.9,"Maternal care for fetal problem, unspecified"
O40,Polyhydramnios
O41,Other disorders of amniotic fluid and membranes
O41.0,Oligohydramnios
O41.1,Infection of amniotic sac and membranes
O41.8,Other specified disorders of amniotic fluid and membranes
O41.9,"Disorder of amniotic fluid and membranes, unspecified"
O42,Premature rupture of membranes
O42.0,"Premature rupture of membranes, onset of labour within 24 hours"
O42.1,"Premature rupture of membranes, onset of labour after 24 hours"
O42.2,"Premature rupture of membranes, labour delayed by therapy"
O42.9,"Premature rupture of membranes, unspecified"
O43,Placental disorders
O43.0,Placental transfusion syndromes
O43.1,Malformation of placenta
O43.2,Morbidly adherent placenta
O43.8,Other placental disorders
O43.9,"Placental disorder, unspecified"
O44,Placenta praevia
O44.0,Placenta praevia specified as without haemorrhage
O44.1,Placenta praevia with haemorrhage
O45,Premature separation of placenta [abruptio placentae]
O45.0,Premature separation of placenta with coagulation defect
O45.8,Other premature separation of placenta
O45.9,"Premature separation of placenta, unspecified"
O46,"Antepartum haemorrhage, not elsewhere classified"
O46.0,Antepartum haemorrhage with coagulation defect
O46.8,Other antepartum haemorrhage
O46.9,"Antepartum haemorrhage, unspecified"
O47,False labour
O47.0,False labour before 37 completed weeks of gestation
O47.1,False labour at or after 37 completed weeks of gestation
O47.9,"False labour, unspecified"
O48,Prolonged pregnancy
O60,Preterm labour and delivery
O60.0,Preterm labour without delivery
O60.1,Preterm spontaneous labour with preterm delivery
O60.2,Preterm spontaneous labour with term delivery
O60.3,Preterm delivery without spontaneous labour
O61,Failed induction of labour
O61.0,Failed medical induction of labour
O61.1,Failed instrumental induction of labour
O61.8,Other failed induction of labour
O61.9,"Failed induction of labour, unspecified"
O62,Abnormalities of forces of labour
O62.0,Primary inadequate contractions
O62.1,Secondary uterine inertia
O62.2,Other uterine inertia
O62.3,Precipitate labour
O62.4,"Hypertonic, incoordinate, and prolonged uterine contractions"
O62.8,Other abnormalities of forces of labour
O62.9,"Abnormality of forces of labour, unspecified"
O63,Long labour
O63.0,Prolonged first stage (of labour)
O63.1,Prolonged second stage (of labour)
O63.2,"Delayed delivery of second twin, triplet, etc."
O63.9,"Long labour, unspecified"
O64,Obstructed labour due to malposition and malpresentation of fetus
O64.0,Obstructed labour due to incomplete rotation of fetal head
O64.1,Obstructed labour due to breech presentation
O64.2,Obstructed labour due to face presentation
O64.3,Obstructed labour due to brow presentation
O64.4,Obstructed labour due to shoulder presentation
O64.5,Obstructed labour due to compound presentation
O64.8,Obstructed labour due to other malposition and malpresentation
O64.9,"Obstructed labour due to malposition and malpresentation, unspecified"
O65,Obstructed labour due to maternal pelvic abnormality
O65.0,Obstructed labour due to deformed pelvis
O65.1,Obstructed labour due to generally contracted pelvis
O65.2,Obstructed labour due to pelvic inlet contraction
O65.3,Obstructed labour due to pelvic outlet and mid-cavity contraction
O65.4,"Obstructed labour due to fetopelvic disproportion, unspecified"
O65.5,Obstructed labour due to abnormality of maternal pelvic organs
O65.8,Obstructed labour due to other maternal pelvic abnormalities
O65.9,"Obstructed labour due to maternal pelvic abnormality, unspecified"
O66,Other obstructed labour
O66.0,Obstructed labour due to shoulder dystocia
O66.1,Obstructed labour due to locked twins
O66.2,Obstructed labour due to unusually large fetus
O66.3,Obstructed labour due to other abnormalities of fetus
O66.4,"Failed trial of labour, unspecified"
O66.5,"Failed application of vacuum extractor and forceps, unspecified"
O66.8,Other specified obstructed labour
O66.9,"Obstructed labour, unspecified"
O67,"Labour and delivery complicated by intrapartum haemorrhage, not elsewhere classified"
O67.0,Intrapartum haemorrhage with coagulation defect
O67.8,Other intrapartum haemorrhage
O67.9,"Intrapartum haemorrhage, unspecified"
O68,Labour and delivery complicated by fetal stress [distress]
O68.0,Labour and delivery complicated by fetal heart rate anomaly
O68.1,Labour and delivery complicated by meconium in amniotic fluid
O68.2,Labour and delivery complicated by fetal heart rate anomaly with meconium in amniotic fluid
O68.3,Labour and delivery complicated by biochemical evidence of fetal stress
O68.8,Labour and delivery complicated by other evidence of fetal stress
O68.9,"Labour and delivery complicated by fetal stress, unspecified"
O69,Labour and delivery complicated by umbilical cord complications
O69.0,Labour and delivery complicated by prolapse of cord
O69.1,"Labour and delivery complicated by cord around neck, with compression"
O69.2,"Labour and delivery complicated by other cord entanglement, with compression"
O69.3,Labour and delivery complicated by short cord
O69.4,Labour and delivery complicated by vasa praevia
O69.5,Labour and delivery complicated by vascular lesion of cord
O69.8,Labour and delivery complicated by other cord complications
O69.9,"Labour and delivery complicated by cord complication, unspecified"
O70,Perineal laceration during delivery
O70.0,First degree perineal laceration during delivery
O70.1,Second degree perineal laceration during delivery
O70.2,Third degree perineal laceration during delivery
O70.3,Fourth degree perineal laceration during delivery
O70.9,"Perineal laceration during delivery, unspecified"
O71,Other obstetric trauma
O71.0,Rupture of uterus before onset of labour
O71.1,Rupture of uterus during labour
O71.2,Postpartum inversion of uterus
O71.3,Obstetric laceration of cervix
O71.4,Obstetric high vaginal laceration
O71.5,Other obstetric injury to pelvic organs
O71.6,Obstetric damage to pelvic joints and ligaments
O71.7,Obstetric haematoma of pelvis
O71.8,Other specified obstetric trauma
O71.9,"Obstetric trauma, unspecified"
O72,Postpartum haemorrhage
O72.0,Third-stage haemorrhage
O72.1,Other immediate postpartum haemorrhage
O72.2,Delayed and secondary postpartum haemorrhage
O72.3,Postpartum coagulation defects
O73,"Retained placenta and membranes, without haemorrhage"
O73.0,Retained placenta without haemorrhage
O73.1,"Retained portions of placenta and membranes, without haemorrhage"
O74,Complications of anaesthesia during labour and delivery
O74.0,Aspiration pneumonitis due to anaesthesia during labour and delivery
O74.1,Other pulmonary complications of anaesthesia during labour and delivery
O74.2,Cardiac complications of anaesthesia during labour and delivery
O74.3,Central nervous system complications of anaesthesia during labour and delivery
O74.4,Toxic reaction to local anaesthesia during labour and delivery
O74.5,Spinal and epidural anaesthesia-induced headache during labour and delivery
O74.6,Other complications of spinal and epidural anaesthesia during labour and delivery
O74.7,Failed or difficult intubation during labour and delivery
O74.8,Other complications of anaesthesia during labour and delivery
O74.9,"Complication of anaesthesia during labour and delivery, unspecified"
O75,"Other complications of labour and delivery, not elsewhere classified"
O75.0,Maternal distress during labour and delivery
O75.1,Shock during or following labour and delivery
O75.2,"Pyrexia during labour, not elsewhere classified"
O75.3,Other infection during labour
O75.4,Other complications of obstetric surgery and procedures
O75.5,Delayed delivery after artificial rupture of membranes
O75.6,Delayed delivery after spontaneous or unspecified rupture of membranes
O75.7,Vaginal delivery following previous caesarean section
O75.8,Other specified complications of labour and delivery
O75.9,"Complication of labour and delivery, unspecified"
O80,Single spontaneous delivery
O80.0,Spontaneous vertex delivery
O80.1,Spontaneous breech delivery
O80.8,Other single spontaneous delivery
O80.9,"Single spontaneous delivery, unspecified"
O81,Single delivery by forceps and vacuum extractor
O81.0,Low forceps delivery
O81.1,Mid-cavity forceps delivery
O81.2,Mid-cavity forceps with rotation
O81.3,Other and unspecified forceps delivery
O81.4,Vacuum extractor delivery
O81.5,Delivery by combination of forceps and vacuum extractor
O82,Single delivery by caesarean section
O82.0,Delivery by elective caesarean section
O82.1,Delivery by emergency caesarean section
O82.2,Delivery by caesarean hysterectomy
O82.8,Other single delivery by caesarean section
O82.9,"Delivery by caesarean section, unspecified"
O83,Other assisted single delivery
O83.0,Breech extraction
O83.1,Other assisted breech delivery
O83.2,Other manipulation-assisted delivery
O83.3,Delivery of viable fetus in abdominal pregnancy
O83.4,Destructive operation for delivery
O83.8,Other specified assisted single delivery
O83.9,"Assisted single delivery, unspecified"
O84,Multiple delivery
O84.0,"Multiple delivery, all spontaneous"
O84.1,"Multiple delivery, all by forceps and vacuum extractor"
O84.2,"Multiple delivery, all by caesarean section"
O84.8,Other multiple delivery
O84.9,"Multiple delivery, unspecified"
O85,Puerperal sepsis
O86,Other puerperal infections
O86.0,Infection of obstetric surgical wound
O86.1,Other infection of genital tract following delivery
O86.2,Urinary tract infection following delivery
O86.3,Other genitourinary tract infections following delivery
O86.4,Pyrexia of unknown origin following delivery
O86.8,Other specified puerperal infections
O87,Venous complications and haemorrhoids in the puerperium
O87.0,Superficial thrombophlebitis in the puerperium
O87.1,Deep phlebothrombosis in the puerperium
O87.2,Haemorrhoids in the puerperium
O87.3,Cerebral venous thrombosis in the puerperium
O87.8,Other venous complications in the puerperium
O87.9,"Venous complication in the puerperium, unspecified"
O88,Obstetric embolism
O88.0,Obstetric air embolism
O88.1,Amniotic fluid embolism
O88.2,Obstetric blood-clot embolism
O88.3,Obstetric pyaemic and septic embolism
O88.8,Other obstetric embolism
O89,Complications of anaesthesia during the puerperium
O89.0,Pulmonary complications of anaesthesia during the puerperium
O89.1,Cardiac complications of anaesthesia during the puerperium
O89.2,Central nervous system complications of anaesthesia during the puerperium
O89.3,Toxic reaction to local anaesthesia during the puerperium
O89.4,Spinal and epidural anaesthesia-induced headache during the puerperium
O89.5,Other complications of spinal and epidural anaesthesia during the puerperium
O89.6,Failed or difficult intubation during the puerperium
O89.8,Other complications of anaesthesia during the puerperium
O89.9,"Complication of anaesthesia during the puerperium, unspecified"
O90,"Complications of the puerperium, not elsewhere classified"
O90.0,Disruption of caesarean section wound
O90.1,Disruption of perineal obstetric wound
O90.2,Haematoma of obstetric wound
O90.3,Cardiomyopathy in the puerperium
O90.4,Postpartum acute renal failure
O90.5,Postpartum thyroiditis
O90.8,"Other complications of the puerperium, not elsewhere classified"
O90.9,"Complication of the puerperium, unspecified"
O91,Infections of breast associated with childbirth
O91.0,Infection of nipple associated with childbirth
O91.1,Abscess of breast associated with childbirth
O91.2,Nonpurulent mastitis associated with childbirth
O92,Other disorders of breast and lactation associated with childbirth
O92.0,Retracted nipple associated with childbirth
O92.1,Cracked nipple associated with childbirth
O92.2,Other and unspecified disorders of breast associated with childbirth
O92.3,Agalactia
O92.4,Hypogalactia
O92.5,Suppressed lactation
O92.6,Galactorrhoea
O92.7,Other and unspecified disorders of lactation
O94,"Sequelae of complication of pregnancy, childbirth and the puerperium"
O95,Obstetric death of unspecified cause
O96,Death from any obstetric cause occurring more than 42 days but less than one year after delivery
O96.0,Death from direct obstetric cause occurring more   than 42 days but less than one year after delivery
O96.1,Death from indirect obstetric cause occurring more   than 42 days but less than one year after delivery
O96.9,Death from unspecified obstetric cause occurring more than 42 days but less than one year after delivery
O97,Death from sequelae of obstetric causes
O97.0,Death from sequelae of direct obstetric cause
O97.1,Death from sequelae of indirect obstetric cause
O97.9,"Death from sequelae of obstetric cause, unspecified"
O98,"Maternal infectious and parasitic diseases classifiable elsewhere but complicating pregnancy, childbirth and the puerperium"
O98.0,"Tuberculosis complicating pregnancy, childbirth and the puerperium"
O98.1,"Syphilis complicating pregnancy, childbirth and the puerperium"
O98.2,"Gonorrhoea complicating pregnancy, childbirth and the puerperium"
O98.3,"Other infections with a predominantly sexual mode of transmission complicating pregnancy, childbirth and the puerperium"
O98.4,"Viral hepatitis complicating pregnancy, childbirth and the puerperium"
O98.5,"Other viral diseases complicating pregnancy, childbirth and the puerperium"
O98.6,"Protozoal diseases complicating pregnancy, childbirth and the puerperium"
O98.7,"Human immunodeficiency virus [HIV] disease complicating pregnancy, childbirth and the puerperium"
O98.8,"Other maternal infectious and parasitic diseases complicating pregnancy, childbirth and the puerperium"
O98.9,"Unspecified maternal infectious or parasitic disease complicating pregnancy, childbirth and the puerperium"
O99,"Other maternal diseases classifiable elsewhere but complicating pregnancy, childbirth and the puerperium"
O99.0,"Anaemia complicating pregnancy, childbirth and the puerperium"
O99.1,"Other diseases of the blood and blood-forming organs and certain disorders involving the immune mechanism complicating pregnancy, childbirth and the puerperium"
O99.2,"Endocrine, nutritional and metabolic diseases complicating pregnancy, childbirth and the puerperium"
O99.3,"Mental disorders and diseases of the nervous system complicating pregnancy, childbirth and the puerperium"
O99.4,"Diseases of the circulatory system complicating pregnancy, childbirth and the puerperium"
O99.5,"Diseases of the respiratory system complicating pregnancy, childbirth and the puerperium"
O99.6,"Diseases of the digestive system complicating pregnancy, childbirth and the puerperium"
O99.7,"Diseases of the skin and subcutaneous tissue complicating pregnancy, childbirth and the puerperium"
O99.8,"Other specified diseases and conditions complicating pregnancy, childbirth and the puerperium"
P00,Fetus and newborn affected by maternal conditions that may be unrelated to present pregnancy
P00.0,Fetus and newborn affected by maternal hypertensive disorders
P00.1,Fetus and newborn affected by maternal renal and urinary tract diseases
P00.2,Fetus and newborn affected by maternal infectious and parasitic diseases
P00.3,Fetus and newborn affected by other maternal circulatory and respiratory diseases
P00.4,Fetus and newborn affected by maternal nutritional disorders
P00.5,Fetus and newborn affected by maternal injury
P00.6,Fetus and newborn affected by surgical procedure on mother
P00.7,"Fetus and newborn affected by other medical procedures on mother, not elsewhere classified"
P00.8,Fetus and newborn affected by other maternal conditions
P00.9,Fetus and newborn affected by unspecified maternal condition
P01,Fetus and newborn affected by maternal complications of pregnancy
P01.0,Fetus and newborn affected by incompetent cervix
P01.1,Fetus and newborn affected by premature rupture of membranes
P01.2,Fetus and newborn affected by oligohydramnios
P01.3,Fetus and newborn affected by polyhydramnios
P01.4,Fetus and newborn affected by ectopic pregnancy
P01.5,Fetus and newborn affected by multiple pregnancy
P01.6,Fetus and newborn affected by maternal death
P01.7,Fetus and newborn affected by malpresentation before labour
P01.8,Fetus and newborn affected by other maternal complications of pregnancy
P01.9,"Fetus and newborn affected by maternal complication of pregnancy, unspecified"
P02,"Fetus and newborn affected by complications of placenta, cord and membranes"
P02.0,Fetus and newborn affected by placenta praevia
P02.1,Fetus and newborn affected by other forms of placental separation and haemorrhage
P02.2,Fetus and newborn affected by other and unspecified morphological and functional abnormalities of placenta
P02.3,Fetus and newborn affected by placental transfusion syndromes
P02.4,Fetus and newborn affected by prolapsed cord
P02.5,Fetus and newborn affected by other compression of umbilical cord
P02.6,Fetus and newborn affected by other and unspecified conditions of umbilical cord
P02.7,Fetus and newborn affected by chorioamnionitis
P02.8,Fetus and newborn affected by other abnormalities of membranes
P02.9,"Fetus and newborn affected by abnormality of membranes, unspecified"
P03,Fetus and newborn affected by other complications of labour and delivery
P03.0,Fetus and newborn affected by breech delivery and extraction
P03.1,"Fetus and newborn affected by other malpresentation, malposition and disproportion during labour and delivery"
P03.2,Fetus and newborn affected by forceps delivery
P03.3,Fetus and newborn affected by delivery by vacuum extractor [ventouse]
P03.4,Fetus and newborn affected by caesarean delivery
P03.5,Fetus and newborn affected by precipitate delivery
P03.6,Fetus and newborn affected by abnormal uterine contractions
P03.8,Fetus and newborn affected by other specified complications of labour and delivery
P03.9,"Fetus and newborn affected by complication of labour and delivery, unspecified"
P04,Fetus and newborn affected by noxious influences transmitted via placenta or breast milk
P04.0,"Fetus and newborn affected by maternal anaesthesia and analgesia in pregnancy, labour and delivery"
P04.1,Fetus and newborn affected by other maternal medication
P04.2,Fetus and newborn affected by maternal use of tobacco
P04.3,Fetus and newborn affected by maternal use of alcohol
P04.4,Fetus and newborn affected by maternal use of drugs of addiction
P04.5,Fetus and newborn affected by maternal use of nutritional chemical substances
P04.6,Fetus and newborn affected by maternal exposure to environmental chemical substances
P04.8,Fetus and newborn affected by other maternal noxious influences
P04.9,"Fetus and newborn affected by maternal noxious influence, unspecified"
P05,Slow fetal growth and fetal malnutrition
P05.0,Light for gestational age
P05.1,Small for gestational age
P05.2,Fetal malnutrition without mention of light or small for gestational age
P05.9,"Slow fetal growth, unspecified"
P07,"Disorders related to short gestation and low birth weight, not elsewhere classified"
P07.0,Extremely low birth weight
P07.1,Other low birth weight
P07.2,Extreme immaturity
P07.3,Other preterm infants
P08,Disorders related to long gestation and high birth weight
P08.0,Exceptionally large baby
P08.1,Other heavy for gestational age infants
P08.2,"Post-term infant, not heavy for gestational age"
P10,Intracranial laceration and haemorrhage due to birth injury
P10.0,Subdural haemorrhage due to birth injury
P10.1,Cerebral haemorrhage due to birth injury
P10.2,Intraventricular haemorrhage due to birth injury
P10.3,Subarachnoid haemorrhage due to birth injury
P10.4,Tentorial tear due to birth injury
P10.8,Other intracranial lacerations and haemorrhages due to birth injury
P10.9,Unspecified intracranial laceration and haemorrhage due to birth injury
P11,Other birth injuries to central nervous system
P11.0,Cerebral oedema due to birth injury
P11.1,Other specified brain damage due to birth injury
P11.2,Unspecified brain damage due to birth injury
P11.3,Birth injury to facial nerve
P11.4,Birth injury to other cranial nerves
P11.5,Birth injury to spine and spinal cord
P11.9,"Birth injury to central nervous system, unspecified"
P12,Birth injury to scalp
P12.0,Cephalhaematoma due to birth injury
P12.1,Chignon due to birth injury
P12.2,Epicranial subaponeurotic haemorrhage due to birth injury
P12.3,Bruising of scalp due to birth injury
P12.4,Monitoring injury of scalp of newborn
P12.8,Other birth injuries to scalp
P12.9,"Birth injury to scalp, unspecified"
P13,Birth injury to skeleton
P13.0,Fracture of skull due to birth injury
P13.1,Other birth injuries to skull
P13.2,Birth injury to femur
P13.3,Birth injury to other long bones
P13.4,Fracture of clavicle due to birth injury
P13.8,Birth injuries to other parts of skeleton
P13.9,"Birth injury to skeleton, unspecified"
P14,Birth injury to peripheral nervous system
P14.0,Erb paralysis due to birth injury
P14.1,Klumpke paralysis due to birth injury
P14.2,Phrenic nerve paralysis due to birth injury
P14.3,Other brachial plexus birth injuries
P14.8,Birth injuries to other parts of peripheral nervous system
P14.9,"Birth injury to peripheral nervous system, unspecified"
P15,Other birth injuries
P15.0,Birth injury to liver
P15.1,Birth injury to spleen
P15.2,Sternomastoid injury due to birth injury
P15.3,Birth injury to eye
P15.4,Birth injury to face
P15.5,Birth injury to external genitalia
P15.6,Subcutaneous fat necrosis due to birth injury
P15.8,Other specified birth injuries
P15.9,"Birth injury, unspecified"
P20,Intrauterine hypoxia
P20.0,Intrauterine hypoxia first noted before onset of labour
P20.1,Intrauterine hypoxia first noted during labour and delivery
P20.9,"Intrauterine hypoxia, unspecified"
P21,Birth asphyxia
P21.0,Severe birth asphyxia
P21.1,Mild and moderate birth asphyxia
P21.9,"Birth asphyxia, unspecified"
P22,Respiratory distress of newborn
P22.0,Respiratory distress syndrome of newborn
P22.1,Transient tachypnoea of newborn
P22.8,Other respiratory distress of newborn
P22.9,"Respiratory distress of newborn, unspecified"
P23,Congenital pneumonia
P23.0,Congenital pneumonia due to viral agent
P23.1,Congenital pneumonia due to Chlamydia
P23.2,Congenital pneumonia due to staphylococcus
P23.3,"Congenital pneumonia due to streptococcus, group B"
P23.4,Congenital pneumonia due to Escherichia coli
P23.5,Congenital pneumonia due to Pseudomonas
P23.6,Congenital pneumonia due to other bacterial agents
P23.8,Congenital pneumonia due to other organisms
P23.9,"Congenital pneumonia, unspecified"
P24,Neonatal aspiration syndromes
P24.0,Neonatal aspiration of meconium
P24.1,Neonatal aspiration of amniotic fluid and mucus
P24.2,Neonatal aspiration of blood
P24.3,Neonatal aspiration of milk and regurgitated food
P24.8,Other neonatal aspiration syndromes
P24.9,"Neonatal aspiration syndrome, unspecified"
P25,Interstitial emphysema and related conditions originating in the perinatal period
P25.0,Interstitial emphysema originating in the perinatal period
P25.1,Pneumothorax originating in the perinatal period
P25.2,Pneumomediastinum originating in the perinatal period
P25.3,Pneumopericardium originating in the perinatal period
P25.8,Other conditions related to interstitial emphysema originating in the perinatal period
P26,Pulmonary haemorrhage originating in the perinatal period
P26.0,Tracheobronchial haemorrhage originating in the perinatal period
P26.1,Massive pulmonary haemorrhage originating in the perinatal period
P26.8,Other pulmonary haemorrhages originating in the perinatal period
P26.9,Unspecified pulmonary haemorrhage originating in the perinatal period
P27,Chronic respiratory disease originating in the perinatal period
P27.0,Wilson-Mikity syndrome
P27.1,Bronchopulmonary dysplasia originating in the perinatal period
P27.8,Other chronic respiratory diseases originating in the perinatal period
P27.9,Unspecified chronic respiratory disease originating in the perinatal period
P28,Other respiratory conditions originating in the perinatal period
P28.0,Primary atelectasis of newborn
P28.1,Other and unspecified atelectasis of newborn
P28.2,Cyanotic attacks of newborn
P28.3,Primary sleep apnoea of newborn
P28.4,Other apnoea of newborn
P28.5,Respiratory failure of newborn
P28.8,Other specified respiratory conditions of newborn
P28.9,"Respiratory condition of newborn, unspecified"
P29,Cardiovascular disorders originating in the perinatal period
P29.0,Neonatal cardiac failure
P29.1,Neonatal cardiac dysrhythmia
P29.2,Neonatal hypertension
P29.3,Persistent fetal circulation
P29.4,Transient myocardial ischaemia of newborn
P29.8,Other cardiovascular disorders originating in the perinatal period
P29.9,"Cardiovascular disorder originating in the perinatal period, unspecified"
P35,Congenital viral diseases
P35.0,Congenital rubella syndrome
P35.1,Congenital cytomegalovirus infection
P35.2,Congenital herpesviral [herpes simplex] infection
P35.3,Congenital viral hepatitis
P35.4,Congenital Zika virus disease
P35.8,Other congenital viral diseases
P35.9,"Congenital viral disease, unspecified"
P36,Bacterial sepsis of newborn
P36.0,"Sepsis of newborn due to streptococcus, group B"
P36.1,Sepsis of newborn due to other and unspecified streptococci
P36.2,Sepsis of newborn due to Staphylococcus aureus
P36.3,Sepsis of newborn due to other and unspecified staphylococci
P36.4,Sepsis of newborn due to Escherichia coli
P36.5,Sepsis of newborn due to anaerobes
P36.8,Other bacterial sepsis of newborn
P36.9,"Bacterial sepsis of newborn, unspecified"
P37,Other congenital infectious and parasitic diseases
P37.0,Congenital tuberculosis
P37.1,Congenital toxoplasmosis
P37.2,Neonatal (disseminated) listeriosis
P37.3,Congenital falciparum malaria
P37.4,Other congenital malaria
P37.5,Neonatal candidiasis
P37.8,Other specified congenital infectious and parasitic diseases
P37.9,"Congenital infectious and parasitic disease, unspecified"
P38,Omphalitis of newborn with or without mild haemorrhage
P39,Other infections specific to the perinatal period
P39.0,Neonatal infective mastitis
P39.1,Neonatal conjunctivitis and dacryocystitis
P39.2,"Intra-amniotic infection of fetus, not elsewhere classified"
P39.3,Neonatal urinary tract infection
P39.4,Neonatal skin infection
P39.8,Other specified infections specific to the perinatal period
P39.9,"Infection specific to the perinatal period, unspecified"
P50,Fetal blood loss
P50.0,Fetal blood loss from vasa praevia
P50.1,Fetal blood loss from ruptured cord
P50.2,Fetal blood loss from placenta
P50.3,Haemorrhage into co-twin
P50.4,Haemorrhage into maternal circulation
P50.5,Fetal blood loss from cut end of co-twin's cord
P50.8,Other fetal blood loss
P50.9,"Fetal blood loss, unspecified"
P51,Umbilical haemorrhage of newborn
P51.0,Massive umbilical haemorrhage of newborn
P51.8,Other umbilical haemorrhages of newborn
P51.9,"Umbilical haemorrhage of newborn, unspecified"
P52,Intracranial nontraumatic haemorrhage of fetus and newborn
P52.0,"Intraventricular (nontraumatic) haemorrhage, grade 1, of fetus and newborn"
P52.1,"Intraventricular (nontraumatic) haemorrhage, grade 2, of fetus and newborn"
P52.2,"Intraventricular (nontraumatic) haemorrhage, grade 3, and grade 4 of fetus and newborn"
P52.3,Unspecified intraventricular (nontraumatic) haemorrhage of fetus and newborn
P52.4,Intracerebral (nontraumatic) haemorrhage of fetus and newborn
P52.5,Subarachnoid (nontraumatic) haemorrhage of fetus and newborn
P52.6,Cerebellar (nontraumatic) and posterior fossa haemorrhage of fetus and newborn
P52.8,Other intracranial (nontraumatic) haemorrhages of fetus and newborn
P52.9,"Intracranial (nontraumatic) haemorrhage of fetus and newborn, unspecified"
P53,Haemorrhagic disease of fetus and newborn
P54,Other neonatal haemorrhages
P54.0,Neonatal haematemesis
P54.1,Neonatal melaena
P54.2,Neonatal rectal haemorrhage
P54.3,Other neonatal gastrointestinal haemorrhage
P54.4,Neonatal adrenal haemorrhage
P54.5,Neonatal cutaneous haemorrhage
P54.6,Neonatal vaginal haemorrhage
P54.8,Other specified neonatal haemorrhages
P54.9,"Neonatal haemorrhage, unspecified"
P55,Haemolytic disease of fetus and newborn
P55.0,Rh isoimmunization of fetus and newborn
P55.1,ABO isoimmunization of fetus and newborn
P55.8,Other haemolytic diseases of fetus and newborn
P55.9,"Haemolytic disease of fetus and newborn, unspecified"
P56,Hydrops fetalis due to haemolytic disease
P56.0,Hydrops fetalis due to isoimmunization
P56.9,Hydrops fetalis due to other and unspecified haemolytic disease
P57,Kernicterus
P57.0,Kernicterus due to isoimmunization
P57.8,Other specified kernicterus
P57.9,"Kernicterus, unspecified"
P58,Neonatal jaundice due to other excessive haemolysis
P58.0,Neonatal jaundice due to bruising
P58.1,Neonatal jaundice due to bleeding
P58.2,Neonatal jaundice due to infection
P58.3,Neonatal jaundice due to polycythaemia
P58.4,Neonatal jaundice due to drugs or toxins transmitted from mother or given to newborn
P58.5,Neonatal jaundice due to swallowed maternal blood
P58.8,Neonatal jaundice due to other specified excessive haemolysis
P58.9,"Neonatal jaundice due to excessive haemolysis, unspecified"
P59,Neonatal jaundice from other and unspecified causes
P59.0,Neonatal jaundice associated with preterm delivery
P59.1,Inspissated bile syndrome
P59.2,Neonatal jaundice from other and unspecified hepatocellular damage
P59.3,Neonatal jaundice from breast milk inhibitor
P59.8,Neonatal jaundice from other specified causes
P59.9,"Neonatal jaundice, unspecified"
P60,Disseminated intravascular coagulation of fetus and newborn
P61,Other perinatal haematological disorders
P61.0,Transient neonatal thrombocytopenia
P61.1,Polycythaemia neonatorum
P61.2,Anaemia of prematurity
P61.3,Congenital anaemia from fetal blood loss
P61.4,"Other congenital anaemias, not elsewhere classified"
P61.5,Transient neonatal neutropenia
P61.6,Other transient neonatal disorders of coagulation
P61.8,Other specified perinatal haematological disorders
P61.9,"Perinatal haematological disorder, unspecified"
P70,Transitory disorders of carbohydrate metabolism specific to fetus and newborn
P70.0,Syndrome of infant of mother with gestational diabetes
P70.1,Syndrome of infant of a diabetic mother
P70.2,Neonatal diabetes mellitus
P70.3,Iatrogenic neonatal hypoglycaemia
P70.4,Other neonatal hypoglycaemia
P70.8,Other transitory disorders of carbohydrate metabolism of fetus and newborn
P70.9,"Transitory disorder of carbohydrate metabolism of fetus and newborn, unspecified"
P71,Transitory neonatal disorders of calcium and magnesium metabolism
P71.0,Cow milk hypocalcaemia in newborn
P71.1,Other neonatal hypocalcaemia
P71.2,Neonatal hypomagnesaemia
P71.3,Neonatal tetany without calcium or magnesium deficiency
P71.4,Transitory neonatal hypoparathyroidism
P71.8,Other transitory neonatal disorders of calcium and magnesium metabolism
P71.9,"Transitory neonatal disorder of calcium and magnesium metabolism, unspecified"
P72,Other transitory neonatal endocrine disorders
P72.0,"Neonatal goitre, not elsewhere classified"
P72.1,Transitory neonatal hyperthyroidism
P72.2,"Other transitory neonatal disorders of thyroid function, not elsewhere classified"
P72.8,Other specified transitory neonatal endocrine disorders
P72.9,"Transitory neonatal endocrine disorder, unspecified"
P74,Other transitory neonatal electrolyte and metabolic disturbances
P74.0,Late metabolic acidosis of newborn
P74.1,Dehydration of newborn
P74.2,Disturbances of sodium balance of newborn
P74.3,Disturbances of potassium balance of newborn
P74.4,Other transitory electrolyte disturbances of newborn
P74.5,Transitory tyrosinaemia of newborn
P74.8,Other transitory metabolic disturbances of newborn
P74.9,"Transitory metabolic disturbance of newborn, unspecified"
P75,Meconium ileus in cystic fibrosis
P76,Other intestinal obstruction of newborn
P76.0,Meconium plug syndrome
P76.1,Transitory ileus of newborn
P76.2,Intestinal obstruction due to inspissated milk
P76.8,Other specified intestinal obstruction of newborn
P76.9,"Intestinal obstruction of newborn, unspecified"
P77,Necrotizing enterocolitis of fetus and newborn
P78,Other perinatal digestive system disorders
P78.0,Perinatal intestinal perforation
P78.1,Other neonatal peritonitis
P78.2,Neonatal haematemesis and melaena due to swallowed maternal blood
P78.3,Noninfective neonatal diarrhoea
P78.8,Other specified perinatal digestive system disorders
P78.9,"Perinatal digestive system disorder, unspecified"
P80,Hypothermia of newborn
P80.0,Cold injury syndrome
P80.8,Other hypothermia of newborn
P80.9,"Hypothermia of newborn, unspecified"
P81,Other disturbances of temperature regulation of newborn
P81.0,Environmental hyperthermia of newborn
P81.8,Other specified disturbances of temperature regulation of newborn
P81.9,"Disturbance of temperature regulation of newborn, unspecified"
P83,Other conditions of integument specific to fetus and newborn
P83.0,Sclerema neonatorum
P83.1,Neonatal erythema toxicum
P83.2,Hydrops fetalis not due to haemolytic disease
P83.3,Other and unspecified oedema specific to fetus and newborn
P83.4,Breast engorgement of newborn
P83.5,Congenital hydrocele
P83.6,Umbilical polyp of newborn
P83.8,Other specified conditions of integument specific to fetus and newborn
P83.9,"Condition of integument specific to fetus and newborn, unspecified"
P90,Convulsions of newborn
P91,Other disturbances of cerebral status of newborn
P91.0,Neonatal cerebral ischaemia
P91.1,Acquired periventricular cysts of newborn
P91.2,Neonatal cerebral leukomalacia
P91.3,Neonatal cerebral irritability
P91.4,Neonatal cerebral depression
P91.5,Neonatal coma
P91.6,Hypoxic ischaemic encephalopathy of newborn
P91.7,Acquired hydrocephalus of newborn
P91.8,Other specified disturbances of cerebral status of newborn
P91.9,"Disturbance of cerebral status of newborn, unspecified"
P92,Feeding problems of newborn
P92.0,Vomiting in newborn
P92.1,Regurgitation and rumination in newborn
P92.2,Slow feeding of newborn
P92.3,Underfeeding of newborn
P92.4,Overfeeding of newborn
P92.5,Neonatal difficulty in feeding at breast
P92.8,Other feeding problems of newborn
P92.9,"Feeding problem of newborn, unspecified"
P93,Reactions and intoxications due to drugs administered to fetus and newborn
P94,Disorders of muscle tone of newborn
P94.0,Transient neonatal myasthenia gravis
P94.1,Congenital hypertonia
P94.2,Congenital hypotonia
P94.8,Other disorders of muscle tone of newborn
P94.9,"Disorder of muscle tone of newborn, unspecified"
P95,Fetal death of unspecified cause
P96,Other conditions originating in the perinatal period
P96.0,Congenital renal failure
P96.1,Neonatal withdrawal symptoms from maternal use of drugs of addiction
P96.2,Withdrawal symptoms from therapeutic use of drugs in newborn
P96.3,Wide cranial sutures of newborn
P96.4,"Termination of pregnancy, affecting fetus and newborn"
P96.5,"Complications of intrauterine procedures, not elsewhere classified"
P96.8,Other specified conditions originating in the perinatal period
P96.9,"Condition originating in the perinatal period, unspecified"
Q00,Anencephaly and similar malformations
Q00.0,Anencephaly
Q00.1,Craniorachischisis
Q00.2,Iniencephaly
Q01,Encephalocele
Q01.0,Frontal encephalocele
Q01.1,Nasofrontal encephalocele
Q01.2,Occipital encephalocele
Q01.8,Encephalocele of other sites
Q01.9,"Encephalocele, unspecified"
Q02,Microcephaly
Q03,Congenital hydrocephalus
Q03.0,Malformations of aqueduct of Sylvius
Q03.1,Atresia of foramina of Magendie and Luschka
Q03.8,Other congenital hydrocephalus
Q03.9,"Congenital hydrocephalus, unspecified"
Q04,Other congenital malformations of brain
Q04.0,Congenital malformations of corpus callosum
Q04.1,Arhinencephaly
Q04.2,Holoprosencephaly
Q04.3,Other reduction deformities of brain
Q04.4,Septo-optic dysplasia
Q04.5,Megalencephaly
Q04.6,Congenital cerebral cysts
Q04.8,Other specified congenital malformations of brain
Q04.9,"Congenital malformation of brain, unspecified"
Q05,Spina bifida
Q05.0,Cervical spina bifida with hydrocephalus
Q05.1,Thoracic spina bifida with hydrocephalus
Q05.2,Lumbar spina bifida with hydrocephalus
Q05.3,Sacral spina bifida with hydrocephalus
Q05.4,Unspecified spina bifida with hydrocephalus
Q05.5,Cervical spina bifida without hydrocephalus
Q05.6,Thoracic spina bifida without hydrocephalus
Q05.7,Lumbar spina bifida without hydrocephalus
Q05.8,Sacral spina bifida without hydrocephalus
Q05.9,"Spina bifida, unspecified"
Q06,Other congenital malformations of spinal cord
Q06.0,Amyelia
Q06.1,Hypoplasia and dysplasia of spinal cord
Q06.2,Diastematomyelia
Q06.3,Other congenital cauda equina malformations
Q06.4,Hydromyelia
Q06.8,Other specified congenital malformations of spinal cord
Q06.9,"Congenital malformation of spinal cord, unspecified"
Q07,Other congenital malformations of nervous system
Q07.0,Arnold-Chiari syndrome
Q07.8,Other specified congenital malformations of nervous system
Q07.9,"Congenital malformation of nervous system, unspecified"
Q10,"Congenital malformations of eyelid, lacrimal apparatus and orbit"
Q10.0,Congenital ptosis
Q10.1,Congenital ectropion
Q10.2,Congenital entropion
Q10.3,Other congenital malformations of eyelid
Q10.4,Absence and agenesis of lacrimal apparatus
Q10.5,Congenital stenosis and stricture of lacrimal duct
Q10.6,Other congenital malformations of lacrimal apparatus
Q10.7,Congenital malformation of orbit
Q11,"Anophthalmos, microphthalmos and macrophthalmos"
Q11.0,Cystic eyeball
Q11.1,Other anophthalmos
Q11.2,Microphthalmos
Q11.3,Macrophthalmos
Q12,Congenital lens malformations
Q12.0,Congenital cataract
Q12.1,Congenital displaced lens
Q12.2,Coloboma of lens
Q12.3,Congenital aphakia
Q12.4,Spherophakia
Q12.8,Other congenital lens malformations
Q12.9,"Congenital lens malformation, unspecified"
Q13,Congenital malformations of anterior segment of eye
Q13.0,Coloboma of iris
Q13.1,Absence of iris
Q13.2,Other congenital malformations of iris
Q13.3,Congenital corneal opacity
Q13.4,Other congenital corneal malformations
Q13.5,Blue sclera
Q13.8,Other congenital malformations of anterior segment of eye
Q13.9,"Congenital malformation of anterior segment of eye, unspecified"
Q14,Congenital malformations of posterior segment of eye
Q14.0,Congenital malformation of vitreous humour
Q14.1,Congenital malformation of retina
Q14.2,Congenital malformation of optic disc
Q14.3,Congenital malformation of choroid
Q14.8,Other congenital malformations of posterior segment of eye
Q14.9,"Congenital malformation of posterior segment of eye, unspecified"
Q15,Other congenital malformations of eye
Q15.0,Congenital glaucoma
Q15.8,Other specified congenital malformations of eye
Q15.9,"Congenital malformation of eye, unspecified"
Q16,Congenital malformations of ear causing impairment of hearing
Q16.0,Congenital absence of (ear) auricle
Q16.1,"Congenital absence, atresia and stricture of auditory canal (external)"
Q16.2,Absence of eustachian tube
Q16.3,Congenital malformation of ear ossicles
Q16.4,Other congenital malformations of middle ear
Q16.5,Congenital malformation of inner ear
Q16.9,"Congenital malformation of ear causing impairment of hearing, unspecified"
Q17,Other congenital malformations of ear
Q17.0,Accessory auricle
Q17.1,Macrotia
Q17.2,Microtia
Q17.3,Other misshapen ear
Q17.4,Misplaced ear
Q17.5,Prominent ear
Q17.8,Other specified congenital malformations of ear
Q17.9,"Congenital malformation of ear, unspecified"
Q18,Other congenital malformations of face and neck
Q18.0,"Sinus, fistula and cyst of branchial cleft"
Q18.1,Preauricular sinus and cyst
Q18.2,Other branchial cleft malformations
Q18.3,Webbing of neck
Q18.4,Macrostomia
Q18.5,Microstomia
Q18.6,Macrocheilia
Q18.7,Microcheilia
Q18.8,Other specified congenital malformations of face and neck
Q18.9,"Congenital malformation of face and neck, unspecified"
Q20,Congenital malformations of cardiac chambers and connections
Q20.0,Common arterial trunk
Q20.1,Double outlet right ventricle
Q20.2,Double outlet left ventricle
Q20.3,Discordant ventriculoarterial connection
Q20.4,Double inlet ventricle
Q20.5,Discordant atrioventricular connection
Q20.6,Isomerism of atrial appendages
Q20.8,Other congenital malformations of cardiac chambers and connections
Q20.9,"Congenital malformation of cardiac chambers and connections, unspecified"
Q21,Congenital malformations of cardiac septa
Q21.0,Ventricular septal defect
Q21.1,Atrial septal defect
Q21.2,Atrioventricular septal defect
Q21.3,Tetralogy of Fallot
Q21.4,Aortopulmonary septal defect
Q21.8,Other congenital malformations of cardiac septa
Q21.9,"Congenital malformation of cardiac septum, unspecified"
Q22,Congenital malformations of pulmonary and tricuspid valves
Q22.0,Pulmonary valve atresia
Q22.1,Congenital pulmonary valve stenosis
Q22.2,Congenital pulmonary valve insufficiency
Q22.3,Other congenital malformations of pulmonary valve
Q22.4,Congenital tricuspid stenosis
Q22.5,Ebstein anomaly
Q22.6,Hypoplastic right heart syndrome
Q22.8,Other congenital malformations of tricuspid valve
Q22.9,"Congenital malformation of tricuspid valve, unspecified"
Q23,Congenital malformations of aortic and mitral valves
Q23.0,Congenital stenosis of aortic valve
Q23.1,Congenital insufficiency of aortic valve
Q23.2,Congenital mitral stenosis
Q23.3,Congenital mitral insufficiency
Q23.4,Hypoplastic left heart syndrome
Q23.8,Other congenital malformations of aortic and mitral valves
Q23.9,"Congenital malformation of aortic and mitral valves, unspecified"
Q24,Other congenital malformations of heart
Q24.0,Dextrocardia
Q24.1,Laevocardia
Q24.2,Cor triatriatum
Q24.3,Pulmonary infundibular stenosis
Q24.4,Congenital subaortic stenosis
Q24.5,Malformation of coronary vessels
Q24.6,Congenital heart block
Q24.8,Other specified congenital malformations of heart
Q24.9,"Congenital malformation of heart, unspecified"
Q25,Congenital malformations of great arteries
Q25.0,Patent ductus arteriosus
Q25.1,Coarctation of aorta
Q25.2,Atresia of aorta
Q25.3,Stenosis of aorta
Q25.4,Other congenital malformations of aorta
Q25.5,Atresia of pulmonary artery
Q25.6,Stenosis of pulmonary artery
Q25.7,Other congenital malformations of pulmonary artery
Q25.8,Other congenital malformations of great arteries
Q25.9,"Congenital malformation of great arteries, unspecified"
Q26,Congenital malformations of great veins
Q26.0,Congenital stenosis of vena cava
Q26.1,Persistent left superior vena cava
Q26.2,Total anomalous pulmonary venous connection
Q26.3,Partial anomalous pulmonary venous connection
Q26.4,"Anomalous pulmonary venous connection, unspecified"
Q26.5,Anomalous portal venous connection
Q26.6,Portal vein-hepatic artery fistula
Q26.8,Other congenital malformations of great veins
Q26.9,"Congenital malformation of great vein, unspecified"
Q27,Other congenital malformations of peripheral vascular system
Q27.0,Congenital absence and hypoplasia of umbilical artery
Q27.1,Congenital renal artery stenosis
Q27.2,Other congenital malformations of renal artery
Q27.3,Peripheral arteriovenous malformation
Q27.4,Congenital phlebectasia
Q27.8,Other specified congenital malformations of peripheral vascular system
Q27.9,"Congenital malformation of peripheral vascular system, unspecified"
Q28,Other congenital malformations of circulatory system
Q28.0,Arteriovenous malformation of precerebral vessels
Q28.1,Other malformations of precerebral vessels
Q28.2,Arteriovenous malformation of cerebral vessels
Q28.3,Other malformations of cerebral vessels
Q28.8,Other specified congenital malformations of circulatory system
Q28.9,"Congenital malformation of circulatory system, unspecified"
Q30,Congenital malformations of nose
Q30.0,Choanal atresia
Q30.1,Agenesis and underdevelopment of nose
Q30.2,"Fissured, notched and cleft nose"
Q30.3,Congenital perforated nasal septum
Q30.8,Other congenital malformations of nose
Q30.9,"Congenital malformation of nose, unspecified"
Q31,Congenital malformations of larynx
Q31.0,Web of larynx
Q31.1,Congenital subglottic stenosis
Q31.2,Laryngeal hypoplasia
Q31.3,Laryngocele
Q31.5,Congenital laryngomalacia
Q31.8,Other congenital malformations of larynx
Q31.9,"Congenital malformation of larynx, unspecified"
Q32,Congenital malformations of trachea and bronchus
Q32.0,Congenital tracheomalacia
Q32.1,Other congenital malformations of trachea
Q32.2,Congenital bronchomalacia
Q32.3,Congenital stenosis of bronchus
Q32.4,Other congenital malformations of bronchus
Q33,Congenital malformations of lung
Q33.0,Congenital cystic lung
Q33.1,Accessory lobe of lung
Q33.2,Sequestration of lung
Q33.3,Agenesis of lung
Q33.4,Congenital bronchiectasis
Q33.5,Ectopic tissue in lung
Q33.6,Hypoplasia and dysplasia of lung
Q33.8,Other congenital malformations of lung
Q33.9,"Congenital malformation of lung, unspecified"
Q34,Other congenital malformations of respiratory system
Q34.0,Anomaly of pleura
Q34.1,Congenital cyst of mediastinum
Q34.8,Other specified congenital malformations of respiratory system
Q34.9,"Congenital malformation of respiratory system, unspecified"
Q35,Cleft palate
Q35.1,Cleft hard palate
Q35.3,Cleft soft palate
Q35.5,Cleft hard palate with cleft soft palate
Q35.7,Cleft uvula
Q35.9,"Cleft palate, unspecified"
Q36,Cleft lip
Q36.0,"Cleft lip, bilateral"
Q36.1,"Cleft lip, median"
Q36.9,"Cleft lip, unilateral"
Q37,Cleft palate with cleft lip
Q37.0,Cleft hard palate with bilateral cleft lip
Q37.1,Cleft hard palate with unilateral cleft lip
Q37.2,Cleft soft palate with bilateral cleft lip
Q37.3,Cleft soft palate with unilateral cleft lip
Q37.4,Cleft hard and soft palate with bilateral cleft lip
Q37.5,Cleft hard and soft palate with unilateral cleft lip
Q37.8,Unspecified cleft palate with bilateral cleft lip
Q37.9,Unspecified cleft palate with unilateral cleft lip
Q38,"Other congenital malformations of tongue, mouth and pharynx"
Q38.0,"Congenital malformations of lips, not elsewhere classified"
Q38.1,Ankyloglossia
Q38.2,Macroglossia
Q38.3,Other congenital malformations of tongue
Q38.4,Congenital malformations of salivary glands and ducts
Q38.5,"Congenital malformations of palate, not elsewhere classified"
Q38.6,Other congenital malformations of mouth
Q38.7,Pharyngeal pouch
Q38.8,Other congenital malformations of pharynx
Q39,Congenital malformations of oesophagus
Q39.0,Atresia of oesophagus without fistula
Q39.1,Atresia of oesophagus with tracheo-oesophageal fistula
Q39.2,Congenital tracheo-oesophageal fistula without atresia
Q39.3,Congenital stenosis and stricture of oesophagus
Q39.4,Congenital oesophageal web
Q39.5,Congenital dilatation of oesophagus
Q39.6,Diverticulum of oesophagus
Q39.8,Other congenital malformations of oesophagus
Q39.9,"Congenital malformation of oesophagus, unspecified"
Q40,Other congenital malformations of upper alimentary tract
Q40.0,Congenital hypertrophic pyloric stenosis
Q40.1,Congenital hiatus hernia
Q40.2,Other specified congenital malformations of stomach
Q40.3,"Congenital malformation of stomach, unspecified"
Q40.8,Other specified congenital malformations of upper alimentary tract
Q40.9,"Congenital malformation of upper alimentary tract, unspecified"
Q41,"Congenital absence, atresia and stenosis of small intestine"
Q41.0,"Congenital absence, atresia and stenosis of duodenum"
Q41.1,"Congenital absence, atresia and stenosis of jejunum"
Q41.2,"Congenital absence, atresia and stenosis of ileum"
Q41.8,"Congenital absence, atresia and stenosis of other specified parts of small intestine"
Q41.9,"Congenital absence, atresia and stenosis of small intestine, part unspecified"
Q42,"Congenital absence, atresia and stenosis of large intestine"
Q42.0,"Congenital absence, atresia and stenosis of rectum with fistula"
Q42.1,"Congenital absence, atresia and stenosis of rectum without fistula"
Q42.2,"Congenital absence, atresia and stenosis of anus with fistula"
Q42.3,"Congenital absence, atresia and stenosis of anus without fistula"
Q42.8,"Congenital absence, atresia and stenosis of other parts of large intestine"
Q42.9,"Congenital absence, atresia and stenosis of large intestine, part unspecified"
Q43,Other congenital malformations of intestine
Q43.0,Meckel diverticulum
Q43.1,Hirschsprung disease
Q43.2,Other congenital functional disorders of colon
Q43.3,Congenital malformations of intestinal fixation
Q43.4,Duplication of intestine
Q43.5,Ectopic anus
Q43.6,Congenital fistula of rectum and anus
Q43.7,Persistent cloaca
Q43.8,Other specified congenital malformations of intestine
Q43.9,"Congenital malformation of intestine, unspecified"
Q44,"Congenital malformations of gallbladder, bile ducts and liver"
Q44.0,"Agenesis, aplasia and hypoplasia of gallbladder"
Q44.1,Other congenital malformations of gallbladder
Q44.2,Atresia of bile ducts
Q44.3,Congenital stenosis and stricture of bile ducts
Q44.4,Choledochal cyst
Q44.5,Other congenital malformations of bile ducts
Q44.6,Cystic disease of liver
Q44.7,Other congenital malformations of liver
Q45,Other congenital malformations of digestive system
Q45.0,"Agenesis, aplasia and hypoplasia of pancreas"
Q45.1,Annular pancreas
Q45.2,Congenital pancreatic cyst
Q45.3,Other congenital malformations of pancreas and pancreatic duct
Q45.8,Other specified congenital malformations of digestive system
Q45.9,"Congenital malformation of digestive system, unspecified"
Q50,"Congenital malformations of ovaries, fallopian tubes and broad ligaments"
Q50.0,Congenital absence of ovary
Q50.1,Developmental ovarian cyst
Q50.2,Congenital torsion of ovary
Q50.3,Other congenital malformations of ovary
Q50.4,Embryonic cyst of fallopian tube
Q50.5,Embryonic cyst of broad ligament
Q50.6,Other congenital malformations of fallopian tube and broad ligament
Q51,Congenital malformations of uterus and cervix
Q51.0,Agenesis and aplasia of uterus
Q51.1,Doubling of uterus with doubling of cervix and vagina
Q51.2,Other doubling of uterus
Q51.3,Bicornate uterus
Q51.4,Unicornate uterus
Q51.5,Agenesis and aplasia of cervix
Q51.6,Embryonic cyst of cervix
Q51.7,Congenital fistulae between uterus and digestive and urinary tracts
Q51.8,Other congenital malformations of uterus and cervix
Q51.9,"Congenital malformation of uterus and cervix, unspecified"
Q52,Other congenital malformations of female genitalia
Q52.0,Congenital absence of vagina
Q52.1,Doubling of vagina
Q52.2,Congenital rectovaginal fistula
Q52.3,Imperforate hymen
Q52.4,Other congenital malformations of vagina
Q52.5,Fusion of labia
Q52.6,Congenital malformation of clitoris
Q52.7,Other congenital malformations of vulva
Q52.8,Other specified congenital malformations of female genitalia
Q52.9,"Congenital malformation of female genitalia, unspecified"
Q53,Undescended testicle
Q53.0,Ectopic testis
Q53.1,"Undescended testicle, unilateral"
Q53.2,"Undescended testicle, bilateral"
Q53.9,"Undescended testicle, unspecified"
Q54,Hypospadias
Q54.0,"Hypospadias, balanic"
Q54.1,"Hypospadias, penile"
Q54.2,"Hypospadias, penoscrotal"
Q54.3,"Hypospadias, perineal"
Q54.4,Congenital chordee
Q54.8,Other hypospadias
Q54.9,"Hypospadias, unspecified"
Q55,Other congenital malformations of male genital organs
Q55.0,Absence and aplasia of testis
Q55.1,Hypoplasia of testis and scrotum
Q55.2,Other congenital malformations of testis and scrotum
Q55.3,Atresia of vas deferens
Q55.4,"Other congenital malformations of vas deferens, epididymis, seminal vesicles and prostate"
Q55.5,Congenital absence and aplasia of penis
Q55.6,Other congenital malformations of penis
Q55.8,Other specified congenital malformations of male genital organs
Q55.9,"Congenital malformation of male genital organ, unspecified"
Q56,Indeterminate sex and pseudohermaphroditism
Q56.0,"Hermaphroditism, not elsewhere classified"
Q56.1,"Male pseudohermaphroditism, not elsewhere classified"
Q56.2,"Female pseudohermaphroditism, not elsewhere classified"
Q56.3,"Pseudohermaphroditism, unspecified"
Q56.4,"Indeterminate sex, unspecified"
Q60,Renal agenesis and other reduction defects of kidney
Q60.0,"Renal agenesis, unilateral"
Q60.1,"Renal agenesis, bilateral"
Q60.2,"Renal agenesis, unspecified"
Q60.3,"Renal hypoplasia, unilateral"
Q60.4,"Renal hypoplasia, bilateral"
Q60.5,"Renal hypoplasia, unspecified"
Q60.6,Potter syndrome
Q61,Cystic kidney disease
Q61.0,Congenital single renal cyst
Q61.1,"Polycystic kidney, autosomal recessive"
Q61.2,"Polycystic kidney, autosomal dominant"
Q61.3,"Polycystic kidney, unspecified"
Q61.4,Renal dysplasia
Q61.5,Medullary cystic kidney
Q61.8,Other cystic kidney diseases
Q61.9,"Cystic kidney disease, unspecified"
Q62,Congenital obstructive defects of renal pelvis and congenital malformations of ureter
Q62.0,Congenital hydronephrosis
Q62.1,Atresia and stenosis of ureter
Q62.2,Congenital megaloureter
Q62.3,Other obstructive defects of renal pelvis and ureter
Q62.4,Agenesis of ureter
Q62.5,Duplication of ureter
Q62.6,Malposition of ureter
Q62.7,Congenital vesico-uretero-renal reflux
Q62.8,Other congenital malformations of ureter
Q63,Other congenital malformations of kidney
Q63.0,Accessory kidney
Q63.1,"Lobulated, fused and horseshoe kidney"
Q63.2,Ectopic kidney
Q63.3,Hyperplastic and giant kidney
Q63.8,Other specified congenital malformations of kidney
Q63.9,"Congenital malformation of kidney, unspecified"
Q64,Other congenital malformations of urinary system
Q64.0,Epispadias
Q64.1,Exstrophy of urinary bladder
Q64.2,Congenital posterior urethral valves
Q64.3,Other atresia and stenosis of urethra and bladder neck
Q64.4,Malformation of urachus
Q64.5,Congenital absence of bladder and urethra
Q64.6,Congenital diverticulum of bladder
Q64.7,Other congenital malformations of bladder and urethra
Q64.8,Other specified congenital malformations of urinary system
Q64.9,"Congenital malformation of urinary system, unspecified"
Q65,Congenital deformities of hip
Q65.0,"Congenital dislocation of hip, unilateral"
Q65.1,"Congenital dislocation of hip, bilateral"
Q65.2,"Congenital dislocation of hip, unspecified"
Q65.3,"Congenital subluxation of hip, unilateral"
Q65.4,"Congenital subluxation of hip, bilateral"
Q65.5,"Congenital subluxation of hip, unspecified"
Q65.6,Unstable hip
Q65.8,Other congenital deformities of hip
Q65.9,"Congenital deformity of hip, unspecified"
Q66,Congenital deformities of feet
Q66.0,Talipes equinovarus
Q66.1,Talipes calcaneovarus
Q66.2,Metatarsus varus
Q66.3,Other congenital varus deformities of feet
Q66.4,Talipes calcaneovalgus
Q66.5,Congenital pes planus
Q66.6,Other congenital valgus deformities of feet
Q66.7,Pes cavus
Q66.8,Other congenital deformities of feet
Q66.9,"Congenital deformity of feet, unspecified"
Q67,"Congenital musculoskeletal deformities of head, face, spine and chest"
Q67.0,Facial asymmetry
Q67.1,Compression facies
Q67.2,Dolichocephaly
Q67.3,Plagiocephaly
Q67.4,"Other congenital deformities of skull, face and jaw"
Q67.5,Congenital deformity of spine
Q67.6,Pectus excavatum
Q67.7,Pectus carinatum
Q67.8,Other congenital deformities of chest
Q68,Other congenital musculoskeletal deformities
Q68.0,Congenital deformity of sternocleidomastoid muscle
Q68.1,Congenital deformity of hand
Q68.2,Congenital deformity of knee
Q68.3,Congenital bowing of femur
Q68.4,Congenital bowing of tibia and fibula
Q68.5,"Congenital bowing of long bones of leg, unspecified"
Q68.8,Other specified congenital musculoskeletal deformities
Q69,Polydactyly
Q69.0,Accessory finger(s)
Q69.1,Accessory thumb(s)
Q69.2,Accessory toe(s)
Q69.9,"Polydactyly, unspecified"
Q70,Syndactyly
Q70.0,Fused fingers
Q70.1,Webbed fingers
Q70.2,Fused toes
Q70.3,Webbed toes
Q70.4,Polysyndactyly
Q70.9,"Syndactyly, unspecified"
Q71,Reduction defects of upper limb
Q71.0,Congenital complete absence of upper limb(s)
Q71.1,Congenital absence of upper arm and forearm with hand present
Q71.2,Congenital absence of both forearm and hand
Q71.3,Congenital absence of hand and finger(s)
Q71.4,Longitudinal reduction defect of radius
Q71.5,Longitudinal reduction defect of ulna
Q71.6,Lobster-claw hand
Q71.8,Other reduction defects of upper limb(s)
Q71.9,"Reduction defect of upper limb, unspecified"
Q72,Reduction defects of lower limb
Q72.0,Congenital complete absence of lower limb(s)
Q72.1,Congenital absence of thigh and lower leg with foot present
Q72.2,Congenital absence of both lower leg and foot
Q72.3,Congenital absence of foot and toe(s)
Q72.4,Longitudinal reduction defect of femur
Q72.5,Longitudinal reduction defect of tibia
Q72.6,Longitudinal reduction defect of fibula
Q72.7,Split foot
Q72.8,Other reduction defects of lower limb(s)
Q72.9,"Reduction defect of lower limb, unspecified"
Q73,Reduction defects of unspecified limb
Q73.0,Congenital absence of unspecified limb(s)
Q73.1,"Phocomelia, unspecified limb(s)"
Q73.8,Other reduction defects of unspecified limb(s)
Q74,Other congenital malformations of limb(s)
Q74.0,"Other congenital malformations of upper limb(s), including shoulder girdle"
Q74.1,Congenital malformation of knee
Q74.2,"Other congenital malformations of lower limb(s), including pelvic girdle"
Q74.3,Arthrogryposis multiplex congenita
Q74.8,Other specified congenital malformations of limb(s)
Q74.9,Unspecified congenital malformation of limb(s)
Q75,Other congenital malformations of skull and face bones
Q75.0,Craniosynostosis
Q75.1,Craniofacial dysostosis
Q75.2,Hypertelorism
Q75.3,Macrocephaly
Q75.4,Mandibulofacial dysostosis
Q75.5,Oculomandibular dysostosis
Q75.8,Other specified congenital malformations of skull and face bones
Q75.9,"Congenital malformation of skull and face bones, unspecified"
Q76,Congenital malformations of spine and bony thorax
Q76.0,Spina bifida occulta
Q76.1,Klippel-Feil syndrome
Q76.2,Congenital spondylolisthesis
Q76.3,Congenital scoliosis due to congenital bony malformation
Q76.4,"Other congenital malformations of spine, not associated with scoliosis"
Q76.5,Cervical rib
Q76.6,Other congenital malformations of ribs
Q76.7,Congenital malformation of sternum
Q76.8,Other congenital malformations of bony thorax
Q76.9,"Congenital malformation of bony thorax, unspecified"
Q77,Osteochondrodysplasia with defects of growth of tubular bones and spine
Q77.0,Achondrogenesis
Q77.1,Thanatophoric short stature
Q77.2,Short rib syndrome
Q77.3,Chondrodysplasia punctata
Q77.4,Achondroplasia
Q77.5,Dystrophic dysplasia
Q77.6,Chondroectodermal dysplasia
Q77.7,Spondyloepiphyseal dysplasia
Q77.8,Other osteochondrodysplasia with defects of growth of tubular bones and spine
Q77.9,"Osteochondrodysplasia with defects of growth of tubular bones and spine, unspecified"
Q78,Other osteochondrodysplasias
Q78.0,Osteogenesis imperfecta
Q78.1,Polyostotic fibrous dysplasia
Q78.2,Osteopetrosis
Q78.3,Progressive diaphyseal dysplasia
Q78.4,Enchondromatosis
Q78.5,Metaphyseal dysplasia
Q78.6,Multiple congenital exostoses
Q78.8,Other specified osteochondrodysplasias
Q78.9,"Osteochondrodysplasia, unspecified"
Q79,"Congenital malformations of the musculoskeletal system, not elsewhere classified"
Q79.0,Congenital diaphragmatic hernia
Q79.1,Other congenital malformations of diaphragm
Q79.2,Exomphalos
Q79.3,Gastroschisis
Q79.4,Prune belly syndrome
Q79.5,Other congenital malformations of abdominal wall
Q79.6,Ehlers-Danlos syndrome
Q79.8,Other congenital malformations of musculoskeletal system
Q79.9,"Congenital malformation of musculoskeletal system, unspecified"
Q80,Congenital ichthyosis
Q80.0,Ichthyosis vulgaris
Q80.1,X-linked ichthyosis
Q80.2,Lamellar ichthyosis
Q80.3,Congenital bullous ichthyosiform erythroderma
Q80.4,Harlequin fetus
Q80.8,Other congenital ichthyosis
Q80.9,"Congenital ichthyosis, unspecified"
Q81,Epidermolysis bullosa
Q81.0,Epidermolysis bullosa simplex
Q81.1,Epidermolysis bullosa letalis
Q81.2,Epidermolysis bullosa dystrophica
Q81.8,Other epidermolysis bullosa
Q81.9,"Epidermolysis bullosa, unspecified"
Q82,Other congenital malformations of skin
Q82.0,Hereditary lymphoedema
Q82.1,Xeroderma pigmentosum
Q82.2,Mastocytosis
Q82.3,Incontinentia pigmenti
Q82.4,Ectodermal dysplasia (anhidrotic)
Q82.5,Congenital non-neoplastic naevus
Q82.8,Other specified congenital malformations of skin
Q82.9,"Congenital malformation of skin, unspecified"
Q83,Congenital malformations of breast
Q83.0,Congenital absence of breast with absent nipple
Q83.1,Accessory breast
Q83.2,Absent nipple
Q83.3,Accessory nipple
Q83.8,Other congenital malformations of breast
Q83.9,"Congenital malformation of breast, unspecified"
Q84,Other congenital malformations of integument
Q84.0,Congenital alopecia
Q84.1,"Congenital morphological disturbances of hair, not elsewhere classified"
Q84.2,Other congenital malformations of hair
Q84.3,Anonychia
Q84.4,Congenital leukonychia
Q84.5,Enlarged and hypertrophic nails
Q84.6,Other congenital malformations of nails
Q84.8,Other specified congenital malformations of integument
Q84.9,"Congenital malformation of integument, unspecified"
Q85,"Phakomatoses, not elsewhere classified"
Q85.0,Neurofibromatosis (nonmalignant)
Q85.1,Tuberous sclerosis
Q85.8,"Other phakomatoses, not elsewhere classified"
Q85.9,"Phakomatosis, unspecified"
Q86,"Congenital malformation syndromes due to known exogenous causes, not elsewhere classified"
Q86.0,Fetal alcohol syndrome (dysmorphic)
Q86.1,Fetal hydantoin syndrome
Q86.2,Dysmorphism due to warfarin
Q86.8,Other congenital malformation syndromes due to known exogenous causes
Q87,Other specified congenital malformation syndromes affecting multiple systems
Q87.0,Congenital malformation syndromes predominantly affecting facial appearance
Q87.1,Congenital malformation syndromes predominantly associated with short stature
Q87.2,Congenital malformation syndromes predominantly involving limbs
Q87.3,Congenital malformation syndromes involving early overgrowth
Q87.4,Marfan syndrome
Q87.5,Other congenital malformation syndromes with other skeletal changes
Q87.8,"Other specified congenital malformation syndromes, not elsewhere classified"
Q89,"Other congenital malformations, not elsewhere classified"
Q89.0,Congenital malformations of spleen
Q89.1,Congenital malformations of adrenal gland
Q89.2,Congenital malformations of other endocrine glands
Q89.3,Situs inversus
Q89.4,Conjoined twins
Q89.7,"Multiple congenital malformations, not elsewhere classified"
Q89.8,Other specified congenital malformations
Q89.9,"Congenital malformation, unspecified"
Q90,Down syndrome
Q90.0,"Trisomy 21, meiotic nondisjunction"
Q90.1,"Trisomy 21, mosaicism (mitotic nondisjunction)"
Q90.2,"Trisomy 21, translocation"
Q90.9,"Down syndrome, unspecified"
Q91,Edwards syndrome and Patau syndrome
Q91.0,"Trisomy 18, meiotic nondisjunction"
Q91.1,"Trisomy 18, mosaicism (mitotic nondisjunction)"
Q91.2,"Trisomy 18, translocation"
Q91.3,"Edwards syndrome, unspecified"
Q91.4,"Trisomy 13, meiotic nondisjunction"
Q91.5,"Trisomy 13, mosaicism (mitotic nondisjunction)"
Q91.6,"Trisomy 13, translocation"
Q91.7,"Patau syndrome, unspecified"
Q92,"Other trisomies and partial trisomies of the autosomes, not elsewhere classified"
Q92.0,"Whole chromosome trisomy, meiotic nondisjunction"
Q92.1,"Whole chromosome trisomy, mosaicism (mitotic nondisjunction)"
Q92.2,Major partial trisomy
Q92.3,Minor partial trisomy
Q92.4,Duplications seen only at prometaphase
Q92.5,Duplications with other complex rearrangements
Q92.6,Extra marker chromosomes
Q92.7,Triploidy and polyploidy
Q92.8,Other specified trisomies and partial trisomies of autosomes
Q92.9,"Trisomy and partial trisomy of autosomes, unspecified"
Q93,"Monosomies and deletions from the autosomes, not elsewhere classified"
Q93.0,"Whole chromosome monosomy, meiotic nondisjunction"
Q93.1,"Whole chromosome monosomy, mosaicism (mitotic nondisjunction)"
Q93.2,Chromosome replaced with ring or dicentric
Q93.3,Deletion of short arm of chromosome 4
Q93.4,Deletion of short arm of chromosome 5
Q93.5,Other deletions of part of a chromosome
Q93.6,Deletions seen only at prometaphase
Q93.7,Deletions with other complex rearrangements
Q93.8,Other deletions from the autosomes
Q93.9,"Deletion from autosomes, unspecified"
Q95,"Balanced rearrangements and structural markers, not elsewhere classified"
Q95.0,Balanced translocation and insertion in normal individual
Q95.1,Chromosome inversion in normal individual
Q95.2,Balanced autosomal rearrangement in abnormal individual
Q95.3,Balanced sex/autosomal rearrangement in abnormal individual
Q95.4,Individuals with marker heterochromatin
Q95.5,Individuals with autosomal fragile site
Q95.8,Other balanced rearrangements and structural markers
Q95.9,"Balanced rearrangement and structural marker, unspecified"
Q96,Turner syndrome
Q96.0,"Karyotype 45,X"
Q96.1,"Karyotype 46,X iso (Xq)"
Q96.2,"Karyotype 46,X with abnormal sex chromosome, except iso (Xq)"
Q96.3,"Mosaicism, 45,X/46,XX or XY"
Q96.4,"Mosaicism, 45,X/other cell line(s) with abnormal sex chromosome"
Q96.8,Other variants of Turner syndrome
Q96.9,"Turner syndrome, unspecified"
Q97,"Other sex chromosome abnormalities, female phenotype, not elsewhere classified"
Q97.0,"Karyotype 47,XXX"
Q97.1,Female with more than three X chromosomes
Q97.2,"Mosaicism, lines with various numbers of X chromosomes"
Q97.3,"Female with 46,XY karyotype"
Q97.8,"Other specified sex chromosome abnormalities, female phenotype"
Q97.9,"Sex chromosome abnormality, female phenotype, unspecified"
Q98,"Other sex chromosome abnormalities, male phenotype, not elsewhere classified"
Q98.0,"Klinefelter syndrome karyotype 47,XXY"
Q98.1,"Klinefelter syndrome, male with more than two X chromosomes"
Q98.2,"Klinefelter syndrome, male with 46,XX karyotype"
Q98.3,"Other male with 46,XX karyotype"
Q98.4,"Klinefelter syndrome, unspecified"
Q98.5,"Karyotype 47,XYY"
Q98.6,Male with structurally abnormal sex chromosome
Q98.7,Male with sex chromosome mosaicism
Q98.8,"Other specified sex chromosome abnormalities, male phenotype"
Q98.9,"Sex chromosome abnormality, male phenotype, unspecified"
Q99,"Other chromosome abnormalities, not elsewhere classified"
Q99.0,"Chimera 46,XX/46,XY"
Q99.1,"46,XX true hermaphrodite"
Q99.2,Fragile X chromosome
Q99.8,Other specified chromosome abnormalities
Q99.9,"Chromosomal abnormality, unspecified"
